sequence,label
KIVSRTPVNITMAGDSGNGMSTFISALRNTGHEGKASPPTELVKATQRCA,0
FSIFQSCVQFLQYYYQRGCLYRLRALGERNHLDLTVEGFQSWMWRGLTFLLPFLFCGH,0
AAPAAVPSAPAFSCSDLLNCALSLK,0
TQKQLSEEQNTGISQDEILTNKQKQIEVAEKEMNSKLSLSHKKEEDLLRENSMLREEIAMLRLE,0
NLTRHMPVHTGARPFVCKVCGKGFRQASTLCRHKIIHTQEKPHK,0
LGSLA,0
ATTVATEPTSQETGPEPKGKDSAKRFCEPIGEKKSPATIFLTV,0
TRGEDTADRPPAPIYQVLGFGPRSQGVILSRYGPAWREQRRFSVSTLRNLGLGKKSLEQWVTEEAACLCAAFADQAGRPFRPNGLLDKAVSNVIASLTCGRRFEYDDPRFLRLLDLAQEGLKEESGFLREVLNAVPVLPHIPALAGKVLRFQKAFLTQLD,0
VAVLLALLGINLAGVKWIIR,0
VQEKRPAPFGSSWVKHYCMYRKAAKKFNMIPFEHRSGGKLGDGEVFFLKECTKRHTDSIDRRFCFDIEAADRPGVSLTMQAFSEEERKQWLEALGGKEALSHSFNTAII,0
AKRAVRELNNYEIRPGRLLGVCCSVDNCRLFIGGIPKMKKREEILEEIAKVTEGVLDVIVYASAADKMKNRGFAFVEYESHRAAAMARRKLMPGRIQLWGHQIAVDWAEPEIDVDEDVMETVKILYVRNLMIETTEDTIKKSFGQFNPGCVERVKKIRDYAFVHFT,0
CASGRSTLPPGNAREAKPPKKRCLLAPRWDYPEGTPNGGSTTLPSAPPPASAGLKSHPPPPEK,0
SMVQENGQRKYGGPPPGWEGPHPQRGCEVFVGKIPRDVYEDELVPVFEAVGRIYELRLMMDFDGKNRGYAFVMYCHKHEAKRAVRELNNYEIRPGRLLGVCCSVDNCRLFIGGIPKMKKREEILEEIAKVTEGVLDVIVYASAADKMKNRGFA,0
KPSKQS,0
ELPGSTELTGSTNLITHYNLEQAYNKFCGKKVKEKLSNFLPDLPGMIDLPGSHDNSSLRSLIEKPPILSSSFNPITGTMLAGFRLHTGPLPEQCRLMHIQPPKKKNKHKHKQSRTQDPVPPETPSDSDHKKKKKKKEEDPDRK,0
AVIYTDALQTLIMVVGAVILTIKAFDQIGGYGQLEAAYAQAIPSRTIANTTC,0
EQRFQLDHSGLDSLI,0
SPELLQNNTLPDYSPGESFFTVFGVFFPAATGVMAGFNMGGDLREPAASIPLGSLAAVGISWFLYIIFVFLLGAICTREALRYDFLIAEKVSLMGFLFLLGLYISSLASCMGGLYGAPRILQCIAQEKVIPALACLGQGKGPNKTPVAAICLTSLVTMAFVFVGQ,0
KDCDREVEEEIKKHGSNPVGLPENLTNGASAGNGDDGLIPQRKSRKPENQQFPDTENEEYHSDEQNDTQKQLSEEQNTGISQDEILTNKQKQIEVAEKEMNSKLSLSHKKEEDLLRENSMLREEIAMLRLELDETKHQNQLRENKILEEIESV,0
AVQGPLLLSRDPAQYCHAVWGDPDSPNYHRCSLLNPGYKGESCLGAKIPDTHLRGYALWPEQGPPQLVQPDGPGVQNTDFLLYVRVAHTSKCHQETVSLCCPGWSTAA,0
TLAAFKDSGWYQVNHSAAEELLWGQGSGPEFGLVTTCGTGSSDFFCTGSGLGCHYLHLDKGSCSSDPMLEGCRMYKPLANGSECWKKENGFPAGVDNPHGEIYHPQ,0
RNQFLAFSIFQSCVQFLQYYYQRGCLYRLRALGERNHLDLTVEGFQSWMWRGLTFLLPFLFCGHFWQLYNAVTLFELSSHEECREW,0
LLTEHRMTWDPAQPPRDLTEAFLAK,0
VSTLDFVVGSFTHLDPEHGFIGYSPELLQNNTLPDYSPGESFFTVFGVFFPAATGVMAGFNMGGDLREPAASIPLGSLAAVGISWFLYIIFVFLLGAICTREALRYDFLIAEKVSLMGFLFLLGLYISSLASCMGGLYGAPRILQCIAQEKV,0
STLPPGNAREAKPPKKRCLLAPRWDYPEGTPNGGSTTLPSAP,0
PGWFKKAWYGLASLLSFSSFILIIVALVVPHWLSGKILCQTGVDLVNATDRELVKFIGDIYYGLFRGCKVRQCGLGGRQSQFTIFPHLVKELNAGLHVMILLLLFLALALALVSMGFAILNMIQVPYRA,0
IAGGVYIFQPVFEQYAKDQKELKEKMQ,0
VKEKYGIEPTMVVQGVKMLYVPVMPGHAKRLKL,0
QLDKMGFTIIRKCISAVETRGINDQGLYRVVGVSSKVQRLLSMLMDVKTCNEVDLENSADWEVKTITSALKQYLRSLPEPLMTYELHGDFIVPAKSGSPESRVNAIHFLVHKLPEKNK,0
FVLAFTFLILFLGNFL,0
FSEEERKQWLEALGGKEALSHSFNTAIIPRPEGNAQLDKMGFTIIRKCISAVETRGINDQGLYRVVGVSSKVQRLLSMLMDVKTCNEVDLENSADWEVKTITSALKQYLRSLPEPLMTYELHGDFIVPAKSGSPESRVNAIHFLVHKLPEKNKEMLDILVKHLTNVSNHSKQNLMTVANLGVVFGPT,0
SNEATKSDLQMAVLSFEKDDDHNGHIDFITAASNLRAKMYSIEPADRFKTKRIAGKIIPAIATTTATVSGLVALEMIKVTGGYPFEAYKNCFLNLAIPIVVFTETT,0
VYFSQFWIDYEGMKSGKGRPISFVDSFPLSIWICQPTRYAESQKEPQTCNQVSLNTSQSESSDLAGRLKRKKLLKEYYSTESEPLTNGGQKPSSSDTFFRFSPSSSEADIHLLVHVHKHVSMQINHYQYLLLLFLHESLILLSENLRKDVEAVTGSPASQTSICIGILLRSAEL,0
AYLPKKNGLYLNLVLGNVNVTLLSNQAKFAYKDEYEKFKLYLTIILLLGAVACRFVLHYRVTDEVFNFLLVWYYCTLTIRESILISNGS,0
RLTFAQLLFATVLGIAGGVYIFQPVFEQYAKDQKELKEK,0
VGNTGVLLGMFLV,0
AAPSVTLFPPSSEELQANKATLVCLVSDFNPGAVTVAWKADGSPVKVGVETTKPSKQSNNKYAASSYLSLTPEQWKSHRSYSCR,0
CRGSGTSNVGTSGDHDNSFMKTLRSKMGKWCCHCFPCCRGSGKSNVGTWGDYDDSAFMEPRYHVRREDLDKLHRAAWWGKVPRKDLIVMLRDTDMNKRDKQKRTALHLASANGNSEVVQLLLDRRCQLNVLDNKKRTALIKAVQCQEDECVLMLLEHGADGNIQDEYGN,0
AHQSVTPPQGLSPTVCTTHSSKATGSKDSTDATTEKAANDTSKASASTRPGSLLPAPERQGAKSRTREPAGERGSKRASMLEDSGSKKKFKEDLKGLENVSATL,0
FAQLLFATVLGIAGGVYI,0
ILCQTGVDLVNATDRELVKFIGDIYYGLFRGCKVRQCGLGGRQSQFTIFPHLVKELNAGLHVMILLLL,0
VLPNRVTVPVKKGLDLTN,0
GVVFGPTLMRPQEETVAALMDLKFQNIVVEILIENHEKIFRTPPDTTFPEPTCLSASPPNAPPRQSKRQGQRTKRPVAVYNLCLELEDGDNPYPSKEDTPTSSLDSLSSPSPVTTAVPGPPGPDKNHLLADGGSFGDWASTIPGQTRSSMVQ,0
LMTYELHGDFIVPAKSGSPESRVNAIHFLVHKLPEKNKEMLDILVKHLTNVSNHSKQNL,0
LSNQAKFAYKDEYEKFKLYLTIILLLGAVACRFVLHYRVTDEVFNFLLVWYYCTLTIRESILISNGSRIKGWWVSHHYVSTFLSGVMLTWPNGPIYQKFRNQFLAFSIFQSCVQFLQYYYQRGCLYRLRALGERNHLDLTVEGFQSWMWRGLTFLLPFLFCGH,0
QEMGYIFYPRKLR,0
VVNAALGQEMGSRDHMKIAQQFFQLVGGSASECDTIPGRQCMASCFFLLKQFDDVLIYLNSFKSYFYNDDIFNFNYAQAKAATGNTSEGEEAFLLIQSEKMKNDYIYLSWLARCYIMNKKPRLAWELYLKMETSGESFSLLQLIANDCYKMGQFYYSAKAFDVLERL,0
ASADGNLPEVISNIKETLKIVSRTPVNITMAGDSGNGMSTFISALR,0
YNLIKDLEPTTPQEYILKGVVNAALGQEMGSRDHMKIAQQFFQLVGGSASECDTIPGRQCMASCFFLLKQFDDVLIYLNSFKSYFYN,0
FATVL,0
IRQERDEAVKKLEEFQKISHMVIEEVNFMQNHLEIEKTCRESAEALATKLNKENKTLKRISMLYMAKLGPDVITEEINIDDEDSTTDTDGAAETCVSVQCQKQIKELRD,0
AQYCHAVWGDPDSPNYHRCSLLNPGYKGESCLGAKIPDTHLRGYALWPEQGPPQLVQPDGPGVQNTDFLLYVRVAHTSKCHQETVSLCCPGWSTAAQSQLTAALTSWAQRRGFVMLPRLCLKLLGSSNLPTLASQSIRITGPSVIAYAACCQLDSEDRPLAGTIVYC,0
SNVIASLTCGRRFEYDDPRFLRLLDLAQEG,0
TFTVTLENLTADDAGKYRCGIATILQEDGLSGFLPDPFFQVQVLVSSASSTENSVKTPASPTRPSQCQGSLPSSTCFLLLPLLKVPLLLSILGAI,0
PENLTNGASAGNGDDGLIPQRKSRKPENQQFPDTENEEYHSDEQNDTQKQLSEEQNTGISQDEILTNKQKQIEVAEKEMNSKLSLSHKKEEDLLRENSMLREEIAML,0
GLVKGKSDPYGIIRVGNQIFQ,0
EAKPPKKRCLLAPRWDY,0
PSVTLFPPSSEELQANKATL,0
VSRSTTTTTSATTVATEPTSQETGPEPKGKDSAKRFCEPIGEKKSPATIFLTVPGPHSPGPIKSPRPMKCPASPFAWPPKRLA,0
PQEEGPTDLPCPPDPASDTKDVSRSTTTTTSATTVATEPTSQETGPEPKGKDSAKRFCE,0
AAHQGEEASCSSWGTGSTNKNLPIMSTASVEIDDALYSRQRYVLGDTAMQKMAKSHVFLSGMG,0
KDQKELKEKMQL,0
TALGFGPGKPPPPPPPPAGGGPGTAPPPTAATAPPGADKSGAGCGPFYLMRELPGSTELTGSTNLITHYNLEQAYNKFCGKKVKEKLSNFLPDLPGMIDLPGSHDNSSLRSLIEKPPILSSSFNPITGTMLAGFRLHTG,0
QEMGYIFYPRKLR,0
EKKILAIELENLKSKLVEVIEEVNKVKQEKTVLNSEVLEQRKVLEKCNRVSMLAVEEYEEMQVNLELEKDLRKKAESFA,0
GISQDEILTNKQKQIEVAEKEM,0
IYTDALQTLIMVVGAVILTIK,0
NNTLPDYSPGESFFTVFGVFFPAATGVMAGFNMGGDLREPAASIPLGSLAAVGISWFLYIIFVFLLGAICTREALRYDFLIAEKVSLMGFLFLLGLYISSLASCMGGLYGAPRIL,0
PSKQSNNKYAASSYLSLTPEQWKS,0
QLLFATVLGIAGGVYIFQPVF,0
VPVAYDTSPKAGVTGSEPRKASLEAPAAPAAVPSAPAFSCSDLLNCALSLKGDLARDALPLQQYKLVRPRVVNHSSFHAMGALCYLNRGDGPCHPAAGVNIHPVASYFLSSPLHPQPKTYLAERN,0
KEKLSNFLPDLPGMIDLPGSHDNSSLRSLIEKPPILSSSFNPITGTMLAGFRLHTGPLPEQCRLMHIQPPKKKNKHKHKQSRTQDPVPPETPSDSDHKKKKKKKE,0
WAQRRGFVMLPRLCLKLLGSSNLPTLASQSIRITGPSVIAYAACCQLDSEDRPLAGTIVYCAQHLTSPSLSHSDIVMA,0
GDFIVPAKSGSPESRVNAIHFLVHKLPEKNKEMLDILVKHLTNVSNHSKQNLMTVANLGVVFGPTLMRPQEETVAALMDLKFQNIVVEILIENHEKIFRTPPDTTFPEPTCLSASPPNAPPRQSKRQGQRTKRPVAVYNLCLELEDGDNPYPSKEDTPTSSLDSLSSPSPV,0
GWFKKAWYGLASLLSFSSFILIIVALVVPHWLSGKILCQTGVDLVNATDRELVKFIGDIYYGLFRGCKVRQCGL,0
EDDVVNKRNRAEAVLKHIAELNPYVHVTSSSVPFNETTDLSFLDKYQCVVLTEMKLPLQKKINDFCRSQCPPIKFISADVHGIWSRLFCDFGDEFEVLDTTGEEPKEIFISNITQANPGIVTCLENHPHKLETGQFLTFREINGMTGLNGSIQQITVISPFSFSIGDT,0
AAFVPFHLRRTAATLLCHSLLPLGYYVGMCLAASEKRLHALSQAPEAWRLFLLLAVTLPSIACILIYYWSRDRWACHPLARTLALYALPQSGWQAVASSVNTEFRRIDKFATGAPGARVIVTDTWVMKVTTYRVHVAQQQDVHLTVTESRQHELSPDSNLPVQLLTIRVASTNPAVQAFD,0
PVLFGTWDGVFTSCMINIFGVVLFLRTGWLVGNTGVLLGMFLVSFVILVALVTVLSGIGVGERSSIGSGGVYSMISSVLGGQTGGTIGLLYVFGQCVAGAMYITGFAESISDLLGLGNIWAVRGISVAVLLALLGINLAGVKWIIRL,0
APPPAS,0
DTDMNKRDKQKRTALHLASANGNSEVVQLLLDRRCQLNVLDNKKRTALIKAVQCQEDECVLMLLEHGADGNIQDEYGNTALHYAIYNEDKLMAKALLLYGADIESKNKCGLTPLLLGVHEQKQQVVKFLIKKKANLNALDRYGRTALILAV,0
PTDLPCPPDPASDTKDVSRSTTTTTSATTVATEPTSQETGPEPKGKDSAKRFCEPIGEK,0
AAPSVTLFPPSSEELQANKATLVCLVSDFNPGAVTVAWKADGSPVKVGVETTKPSKQSNNKYAASSYLSLTPEQWKSHRSYSCRVTHEGSTVEKTVAPAEC,0
LVQQMAANIKERQDVFFDMEAYLPKKNGLYLNLVLGNVNVTLLSNQAKFAYKDEYEKFKLYLTIILLLGAVACRFVLHYRVTDEVFNFLLVWYYCTLTI,0
HTSKCHQETVSLCCPGWSTAAQSQLTAALTSWAQRRGFVMLPRLCLKLLGSSNLPTLASQSIRITGPSVIAYAACCQLDSEDRPLAGTIVYCAQHLTSPSLSHSDIVMATLHELLHALGFSGQLFKKWRDCPSGFSVRENCSTRQLVTRQDEWGQLL,0
RDFKFEFIGDAVTDDERCIDASLREFSNFLKNLEEQREIMALSVTETLIKPLEKFRKEQLGAVKEEKKKFDKETEKNYSLIDKHLNLSAKKKDSHLQEADIQVEQNRQHFYELSLEYVCKLQEIQERKKFEFVEP,0
RCYFHGPSITTSLVFTVHMWKSPGCQGPSVATLHKALTLTLQKKPLEVYHGGANFTTQPSKLLVTSDHNPSMTHLRLSMGLCLMLLIL,0
GALFVHICLGWNFYLSTILTLGITALYTIAGGLAAVIYTDALQTLIMVVGAVILTIKAFDQIGGYGQLEAAYAQAIPSRTIANTTCHLPRTDAMHMFRDPHTGDLPWTGMTFGLTIMATWYWCTDQVIVQRSLSARDLNHAKAGSILASYLKMLPMGLIIMPGMISRALFPDDVGCVVPSECLRACGAEVGCSNI,0
RSLKSLDPENSETELERILRRRKVTAEADSSSPTGILATSESKSMPVLGSVSSVTKTALNKKTLEAEFNSPSPPTPEPGEGPRKLEGCTSSKVTFQPPSSIGCRKKYIDGEKQAEPVVVLDPVSTHEPQTKDQVAEKDPTQHKED,0
VDLVNATDRELVKFIGDIYYGLFRGCKVRQCGLGGRQSQFTIFPHLVKELNAGLHVMILLLLFLALALALVSMGFAILNMIQVPYRAVSGPGGICLWNVLAGGVVALAIASFVAAVKFHDLTERIANFQEK,0
AREAKPPKKRCLLAPRWDYPEGTPNGGSTTLPSAPPPASAGLK,0
PTGILATSESKSMPVLGSVSSVTKTALNKKTLEAEFNSPSPPTPEPGEGPRKLEGCTSSKVTFQPPSSIGCRKKYIDGEKQAEPVVVLDPVSTHEPQTKDQVAEK,0
VGVETTKPSKQSNNKYAASSYLSLTPEQWKSHRSYSCRVTHEGSTVEKTV,0
SSGEDFFLKSRLQEQDVWRRSTSFYTHMCNPWVSLLGAVGSLLIMFVIQWVYTLVNMGVAAIVYFYIGRASPGLHLGSASNFSFFRWMRSLLLPSC,0
MIAVMLAALMSSLTSIFNSSSTLFTMDIWRRLRPRSGERELLLVGRLVIVALIGVSVAWIPVLQDSNSGQLFIYMQSVTS,0
VADIIVITVYFALNVAVGIWSSCRASRNTVNGYFLAGRDMTWWPIGASLFASSEGSGLF,0
MTQRAGAAMLPSALLLLCVPGCLTVSGPSTVMGAVGESLSVQCRYEEKYKTFNKYWCRQPCLPIWHEMVETGGSEGVVRSDQVIITDHPGDLTFTVTLENLTADDAGKYRCGIATILQEDGLSGFLPDPF,0
RWQEMGY,0
LFATVLGIAGGVYIFQPVFEQYAK,0
SSKVQRLLSMLMDVKTCNEVDLENSADWEVKTITSALKQYLRSLPEPLMTYELHGDFIVPAKSGSPESRVNAIHFLVHKLPEKNKEMLDILVKHLTNVSNHSKQNLMTVANLGVVFGPTLMRPQEETVAALMDLKFQNIVVEILIE,0
AVGRIYELRLMMDFDGKNRGYAFVMYCHKHEAKRAVRELNNYEIRPGRLLGVCCSVDNCRLFIGGIPKMKKREEILEE,0
EYENATKEENCNSEVWVNLACTYFFLGMYKQAEAAGFKASKSRLQNRLLFHLAHKFNDEKKLMSFHQNLQDVTEDQLSLASIHYMRSHYQEAIDIYKRILL,0
LSVQCRYEEKYKTFNKYWCRQPCLPIWHEMVETGGSEGVVRSDQVIITDHPGDLTFTVTLENLTADDAGKYRCGIATILQEDGLSGFLPDPFFQVQVLVSSASSTENSVKTPASPTRPSQCQ,0
MGYIFY,0
RAHEAELERTNKFIKELIKDGKNLIAATKSLSVAQRKFAHSLRDFKFEFIGDAVTDDERCID,0
PPASAGLKSHP,0
ALMDLKFQNIVVEILIENHEKIFRTPPDTTFPEPTCLSASPPNAPPRQSKRQGQRTKRPVAVYNLCLELEDGDNPYPSKEDTPTSSLDSLSSPSPVTTAVPGPPGPDKNHLLADGGS,0
MRWQEMGYIFYPRKLR,0
RWQEMGYIFYPRK,0
SLDLYAGALFVHICLGWNFYLSTILTLGITALYTIAGGLAAVIYTDALQTLIMVVGAVILTIKAFDQIGGYGQLEAAYAQAIPSRTIANTTCHLPRTDAMHMFRDPHTGDLPWTGMTFGLTIMATWYWCTDQVIVQRSLSARDLNHAKAGSILASYLKMLPM,0
FVFVGQVNVLAPIVTINFMLTYVAVDYSYFSLSMCSCSLTPVPEPVLREGAEGLHCSEHLLLEKAPSYGSEGPAQRVLEGTLLEFTKDMDQLLQLTRKLESSQPRQGEGNRTPESQKRKSKKAT,0
FRRLTFAQLLFATVLGIAGGVYIFQPVFEQYAKDQKELKEKMQLVQESE,0
WMYFSDATKTKNGWANELLHEFECNVEMLKQAVKDHNVGSPPKSPTHASPQHTQTEKDYPLKGTCRTPSVLSQQSKAKLMSSSVVVRLADFNIYQVSTAEQCRSSPKSMICCNKKSLYLPQEMSAVYIEFTEYYYPDGKDFPIPSPNLYSQLNALQFTV,0
NIKETLKIVSRTPVNITMAGDSGNGMSTFISALRNTGHEGKASPPTELVKATQRCASYFSSHFSNVVLWDLPGTGSATTTLENYLMEMQFNRYDFIMVASAQFSMNHVMLAKTAEDMGKKFYIVWTKLDMDLSTGALPEVQLLQIRENVLE,0
DIYYGLFRGCKVRQCGLGGRQSQFTIFPHLVKELNAGLHVMILLLLFLALALALVSMGFAILNMIQVPYRAVSGPGGICLWNVLAGGVVALAIASFVAAVKFHDL,0
HGADGNIQDEYGNTALHYAIYNEDKLMAKALLLYGADIESKNKCGLTPLLLGVHEQKQQVVKFLIKKKANLNALDRYGRTALILAVCCGSASIVNLLLEQNVDVSSQDLSGQTAREYAVSSHHHVICELLSDYKEKQMLKISSENSNPEQDLKLTSEEESQRLKVSENSQPEKMSQEPEINK,0
LSFSSFILIIVALVVPHWLSGKILCQTGVDLVNATDRELVKFIGDIYYGLFRGCKVRQCGLGGRQSQFTIFPHLVKELNAGLHVMILLLLFLALALALVSMGFAILNMIQVPYRAVSGPGGICLWNVLAGGVVALAIASFVAAVKFHDLTERIANFQEK,0
CASYFSSHFSNVVLWDL,0
KTKIRRLYDIANVLSSLDLIKKVHVTEERGRKPAFKWTGPEISPNTSGSSPVIHFTPSDLEVRRSSKENCAKNLFSTRGKPNFTRHPSLIKLVKSIESD,0
AATLLCHSLLPLGYYVGMCLAASEKRLHALSQAPEAWRLFLLLAVTLPSIACILIYYWSRDRWACHPLARTLALYALPQSGWQAVASSVNTEFRRIDKFATGAPGARVIVTDTWVMKVTTY,0
PSSEELQANKATLVCLVSDFNPGAVTVAWKADGSPVKVGVETTKPSKQSNNK,0
PGCQGPSVATLHKALTLTLQKK,0
GRQCMASC,0
FNRYDFIMVASAQFSMNHVMLAKTAEDMGKKFYIVWTKLDMDLSTGALPEVQLLQIRENVL,0
DPPPPPTALGFGPGKPPPPPPPPAGGGPGTAPPPTAATAPPGADKSGAGCGPFYLMRELPGSTELTGSTNLITHYNLEQAYNKFCGKKVKEKLSNFLPDLPGMIDLPGSHDNSSLRSLIEKPPILSSSFNPITGTMLAGFRLHTGPLPEQCRLMHIQPPKKKNKHKHKQSRTQDPVPPE,0
SIDRRFCFDIEAADRPGVSLTMQAFSEEERKQWLEALGGKEALSHSFNTAIIPRPEGNAQLDKMGFTIIRKCISAVETRGINDQGLYRVVGVSSKVQRLLSMLMDVKTCNEVDLENSADWEVKTITSALKQYLRSLPEPLMTYELHGDFIVPAKSGSPESRVNAIHFLVHKLP,0
KVPLSQLLTSED,0
TFREINGMTGLNGSIQ,0
LPLGYYVGMCLAASEKRLHALSQAPEAWRLFLLLAVTLPSIACILIYYWSRDRWACHPLARTLALYALPQSGWQAVASSVNTEFRRIDKFATGAPGARVIVTDTWVMKVTTYRVHVAQQQDVHLTVTESRQHELSPDSNLPVQLLTIRVASTNPAVQAFDIWLNSTEYGELCEKLRAPIRRAAHVVIHQSLGDLF,0
SFNTAIIPRPEGNAQLDKMGFTIIRKCISAVETRGINDQGLYRVVGVSSKVQRLLSMLMDVKTCNEVDLENSADWEVKTITSALKQYLRSLPEPLMT,0
LKVSENSQPEKMSQEPEINKDCDREVEEEIKKHGSNPVGLPENLTNGASAGNGDDGLIPQRKSRKPENQQFPDTENEEYHSDEQNDTQKQLSEEQNTGISQDEILTNKQKQIEVAEKEMNSKLSLSHKKEEDLLRENSMLREEIAMLRLELDETKHQNQLRENKILEEIESVKEKLLKAIQLNEEALT,0
MRWQEMGYIFYPRKLR,0
AALLALME,0
AQQQDVHLTVTESRQHELSPDSNLPVQLLTIRVASTNPAVQAFDIWLNSTEYGELCEKLRAPIRRAAHVVIHQSLGDLFLETFASLVEVNPAYSVPSSQELEACIGCMQTRASVKLVKTCQEAATGECQQCYCRPMWCLTCMGKWFASR,0
TKISLDLYAGALFVH,0
PCASGRSTLPPGNAREAKPPKKRCLLAPRWDYPEGTPNGGSTTLPSA,0
TNPAVQAFDIWLNSTEYGELCEKLRAPIRRAAHVVIHQSLGDLFLETFASLVEVNPAYSVPSSQELEACIGCMQTRASVKLVKTCQEAATGECQQCY,0
NHRIYSSPIAGVIPVTSSELTAVNFPSFHVTPLKLMVSPTSVAAVPVGNSPALASSHPVPIQNPSSAIVNFTLQHLGLISPNVQLSASPGSGIVPVSPRIESVNVAPEN,0
AATGVMAGFNMGGDLREPAASIPLGSLAAVGISWFLYIIFVFLLGAICTREALRYDFLIAEKVSLMGFLFLLGLYISSLASCMGGLYGAPRILQCIAQEKVIPALACLGQGKGPNKT,0
LGAVACRFVLHYRVTDEVFNFLLVWYYCTLTIRESILISNGSRIKGWWVSHHYVSTFLSGVMLTWPNGPIYQKFRNQFLAFSIFQSCVQFLQYYYQRGCLYRLRALGERNH,0
VKEKLSNFLPDLPGMIDLPGSHDNSSLRSLIEKPPILSSSFNPITGTMLAGFRLHTGPLPEQCRLMHIQPPKKKNKHKHKQSRTQDPVPPETPSDSDHKKKKKKKEEDPDRKRKKKEKKKKKNRHSPD,0
GAGCGPFYLMRELPGSTELTGSTNLITHYNLEQAYNKFCGKKVKEKLSNFLPDLPGMIDLPGSHDNSS,0
KEAELMGRCYLH,0
LMAKALLLYGADIESKNKCGLTPLLLGVHEQKQQVVKFLIKKKANLNALDRYGRTALILAVCCGSASIVNLLLEQNVDVSSQDLSGQTAREYAVSSHHHVICELLSDYKEKQMLKISSENSNPEQDLKLTSEEESQRLKVSENSQ,0
VKATQRCASYFSSHFSNVVLWDLPGTGSATTTLENYLMEMQFNRYDFIMVASAQF,0
EEYENATKEENCNSEVWVNLACTYFFLGMYKQAEAAGFKASKSRLQNRLLFHLAHKFNDEKKLMSFHQNLQDVTEDQLSLASIHYMRSHYQEAIDIY,0
MRWQEMGYIFYPRKLR,0
LLLFLLAVSTLDFVVGSFTHLDPEHGFIGYSPELLQNNTLPDYSPGESFFTVFGVFFPAATGVMAGFNMGG,0
EMGYIFYPRK,0
EMGYIFYPR,0
RCLLAPRWDYPEGTPNGG,0
LINGCRNLTPC,0
KNLFSTRGKPNFTRHPSLIKLVKSIESDRRKINSAPSSPIKTNKAESSQNSAPFPSKMAQLAAICKMQLEEQSSESRQKVKVQLARSGPCKPVAPLDPPVNAEMELTAPSLIQPLGMVPLIPSPLSSAVPLILPQAPSGPSYAIYLQPTQAHQSVTPP,0
QEYILKGVVNAALGQEMGSRDHMKIAQQFFQLVGGSASECDTIPGRQCMASCFFLLKQFDDVLIYLNSFKSYFYNDDIFNFNYAQAKAATGNTSEGEEAFLLIQSEKMKNDYIYLSWLARCYIMNKKPRLAWELYLKMETSGESFSLLQ,0
FAQLLFATVLGIAGGVYIFQPVFEQYAKDQKELKEKMQLVQES,0
