sequence,label,length
ACYCRIPACIAGERRYGTCIYQGRLWAFCC,1,30
CYCRIPACIAGERRYGTCIYQGRLWAFCC,1,29
DCYCRIPACIAGERRYGTCIYQGRLWAFCC,1,30
VCSCRLVFCRRTELRVGNCLIGGVSFTYCCTRV,1,33
ATCYCRTGRCATRESLSGVCEISGRLYRLCCR,1,32
AFTCHCRRSCYSTEYSYGTCTVMGINHRFCCL,1,32
ICIFCCGCCHRSKCGMCCKT,1,20
DTHFPICIFCCGCCHRSKCGMCCKT,1,25
WYVKKCLNDVGICKKKCKPEEMHVKNGWAMCGKGRDCCVPAD,1,42
QLKKCWNNYVQGHCRKICRVNEVPEALCENGRYCCLNIKELEAC,1,44
GIINTLQKYYCRVRGGRCAVLSCLPKEEQIGKCSTRGRKCCRRKK,1,45
AGRGKQGGKVRAKAKTRSSRAGLQFPVGRVHRLLRKGNY,1,39
KSKEKIGKEFKRIVQRIKDFLRNLVPR,1,27
LLGDFFRKSKEKIGKEFKRIVQRIKDFLRNLVPRTES,1,37
IIGGR,1,5
SSLLEKGLDGAKKAVGGLGKLGKDAVEDLESVGKGAVHDVKDVLDSV,1,47
SYSMEHFRWGKPV,1,13
DHYNCVSSGGQCLYSACPIFTKIQGTCYRGKAKCCK,1,36
LAHQKPFIRKSYKCLHKRCR,1,20
DSHAKRHHGYKRKFHEKHHSHRGY,1,24
VAIALKAAHYHTHKE,1,15
DSHAKRHHGYKRKFHEKHHSHRGYRSNYLYDN,1,32
KFHEKHHSHRGY,1,12
GIGDPVTCLKSGAICHPVFCPRRYKQIGTCGLPGTKCCKKP,1,41
ALLGDFFRKSKEKIGKEFKRIVQRIKDFLRNLVPRTES,1,38
KRIVQRIKDFLRNLVPRTES,1,20
KSKEKIGKEFKRIVQRIKDFLRNLVPRTES,1,30
RKSKEKIGKEFKRIVQRIKDFLRNLVPRTES,1,31
LLGDFFRKSKEKIGKEFKRIVQR,1,23
LLGDFFRKSKEKIGKEFKRIVQRIKDFLR,1,29
EFELDRICGYGTARCRKKCRSQEYRIGRCPNTYACCLRKWDESLLNRTKP,1,50
YPIKPEAPGEDASPEELNRYYASLRHYLNLVTRQRY,1,36
MHDFWVLWVLLEYIYNSACSVLSATSSVSSRVLNRSLQVKVVKITN,1,46
GRRRRSVQWCAVSQPEATKCFQWQRNMRKVRGPPVSCIKRDSPIQCIQA,1,49
DSHEKRHHGYRRKFHEKHHSHREFPFYGDYGSNYLYDN,1,38
RKFHEKHHSHREFPFYGDYGSNYLYDN,1,27
RKFHEKHHSHRGYRSNYLYDN,1,21
DSHAKRHHGYKRKFHEKHHSHRGYR,1,25
RKFHEKHHSHRGY,1,13
RKFHEKHHSHRGYR,1,14
MTPFWRGVSLRPIGASCRDDSECITRLCRKRRCSLSVAQE,1,40
CLAGRLDKQCTCRRSQPSRRSGHEVGRPSPHCGPSRQCGCHMD,1,43
SSMKLSFRARAYGFRGPGPQL,1,21
GRDYRTCLTIVQKLKKMVDKPTQRSVSNAATRVCRTGRSRWRDVCRNFMRRYQSRVTQGLVAGETAQQICEDLR,1,74
SSLLEKGLDGAKKAVGGLGKLGKDAVEDLESVGKGAVHDVKDVLDSVL,1,48
ARLKKCFNKVTGYCRKKCKVGERYEIGCLSGKLCCAN,1,37
SKCKCSRKGPKIRYSDVKKLEMKPKYPHCEEKMVIITTKSVSRYRGQEHCLHPKLQSTKRFIKWYNAWNEKRRVYEE,1,77
AELRCMCIKTTSGIHPKNIQSLEVIGKGTHCNQVEVIATLKDGRKICLDPDAPRIKKIVQKKLAGDES,1,68
NLAKGKEESLDSDLYAELRCMCIKTTSGIHPKNIQSLEVIGKGTHCNQVEVIATLKDGRKICLDPDAPRIKKIVQKKLAGDES,1,83
HNKQEGRDHDKSKGHFHRVVIHHKGGKAH,1,29
KQEGRDHDKSKGHFHMIVIHHKGGQAHHG,1,29
RPKPQQFFGLM,1,11
QLYENKPRRPYIL,1,13
RPPGFSPFR,1,9
YPSKPDNPGEDAPAEDMARYYSALRHYINLITRQRY,1,36
ECWMDGHCRLLCKDGEDSIIRCRNRKRCC,1,29
ACDTATCVTHRLAGLLSRSGGVVKNNFVPTNVGSKAF,1,37
HSDAVFTDNYTRLRKQMAVKKYLNSILN,1,28
PMPVSQECFETLRGHERILSILRHQNLLKELQDLALQGAKERAHQQ,1,46
YRQSMNNFQGLRSFGCRFGTCTVQKLAHQIYQFTDKDKDNVAPRSKISPQGY,1,52
GHHPHGHHPHGHHPHGHHHPH,1,21
NLPIVERPVCKDSTRIRITDNMFCAGYKPDEGKRGDACEGDSGGPFVMKSPFNNRWYQMGIVSWGEGCDRDGKYGFYTHVFRLKKWIQKVIDQFGE,1,96
AQEPVKGPVSTKPGSCPIILIRCAMLNPPNRCLKDTDCPGIKKCCEGSCGMACFVPQ,1,57
DAEFRHDSGYEVHHQKLVFFAEDVGSNKGAIIGLMVGGVV,1,40
DAEFRHDSGYEVHHQKLVFFAEDVGSNKGAIIGLMVGGVVIA,1,42
GKVKVGVNGFGRIGRLVTRAAFNSGKVDIVA,1,31
QDNSRYTHFLTQHYDAKPQGRDDRYCESIMRRRGPTSPCKDINTFIHGNKRSIKAICENKNGNPHRENLRISKSSFQVTTCKLHGGSPWPPCQYRATAGFRNVVVACENGLPVHLDQSIFRRPRP,1,125
EEPQRELPSARIRCPKGSKAYGSHCYALFLSPKSWTDADLACQKRPSGNLVSVLSGAEGSFVSSLVKSIGNSYSYVWIGLHDPTQGTEPNGEGWEWSSSDVMNYFAWERNPSTISSPGHCASLSRSTAFLRWKDYNCNVRLPYVCKFTD,1,149
MSNTQAERSIIGMIDMFHKYTRRDDKIDKPSLLTMMKENFPNFLSACDKKGTNYLADVFEKKDKNEDKKIDFSEFLSLLGDIATDYHKQSHGAAPCSGGSQ,1,101
KPKGMTSSQWFKIQHMQPSPQACNSAMKNINKHTKRCKDLNTFLHEPFSSVAATCQTPKIACKNGDKNCHQSHGAVSLTMCKLTSGKYPNCRYKEKRQNKSYVVACKPPQKKDSQQFHLVPVHLDRVL,1,128
SNFDCCLGYTDRILHPKFIVGFTRQLANEGCDINAIIFHTKKKLSVCANPKQTWVKYIVRLLSKKVKNM,1,69
ASVATELRCQCLQTLQGIHPKNIQSVNVKSPGPHCAQTEVIATLKNGRKACLNPASPIVKKIIEKMLNSDKSN,1,73
APLATELRCQCLQTLQGIHLKNIQSVKVKSPGPHCAQTEVIATLKNGQKACLNPASPMVKKIIEKMLKNGKSN,1,73
ASVVTELRCQCLQTLQGIHLKNIQSVNVRSPGPHCAQTEVIATLKNGKKACLNPASPMVQKIIEKILNKGSTN,1,73
TPVVRKGRCSCISTNQGTIHLQSLKDLKQFAPSPSCEKIEIIATLKNGVQTCLNPDSADVKELIKKWEKQVSQKKKQKNGKKHQKKKVLKVRKSQRSRQKKTT,1,103
VPLSRTVRCTCISISNQPVNPRSLEKLEIIPASQFCPRVEIIATMKKKGEKRCLNPESKAIKNLLKAVSKERSKRSP,1,77
FPMFKRGRCLCIGPGVKAVKVADIEKASIMYPSNNCDKIEVIITLKENKGQRCLNPKSKQARLIIKKVERKNF,1,73
KPVSLSYRCPCRFFESHVARANVKHLKILNTPNCALQIVARLKNNNRQVCIDPKLKWIQEYLEKALNK,1,68
VLEVYYTSLRCRCVQESSVFIPRRFIDRIQILPRGNGCPRKEIIVWKKNKSIVCVDPQAEWIQRMMEVLRKRSSSTLPVPVFKRKIP,1,87
VGSEVSDKRTCVSLTTQRLPVSRIKTYTITEGSLRAVIFITKRGLKVCADPQATWVRDVVRSMDRKSNTRNNMIQTKPTGTQQSTNTAVTLTG,1,93
KSMQVPFSRCCFSFAEQEIPLRAILCYRNTSSICSNEGLIFKLKRGKEACALDTVGWVQRHRKMLRHCPSKRK,1,73
PDSVSIPITCCFNVINRKIPIQRLESYTRITNIQCPKEAVIFKTKRGKEVCADPKERWVRDSMKHLDQIFQNLKP,1,75
GPASVPTTCCFNLANRKIPLQRLESYRRITSGKCPQKAVIFKTKLAKDICADPKKKWVQDSMKYLDQKSPTPKP,1,74
QPDALNVPSTCCFTFSSKKISLQRLKSYVITTSRCPQKAVIFRTKLGKEICADPKEKWVQNYMKHLGRKAHTLKT,1,75
ARGTNVGRECCLEYFKGAIPLRKLKTWYQTSEDCSRDAIVFVTVQGRAICSDPNNKRVKNAVKYLQSLERS,1,71
AQVGTNKELCCLVYTSWQIPQKFIVDYSETSPQCPKPGVILLTKRGRQICADPNKKWVQKYISDLKLNA,1,69
GTNDAEDCCLSVTQKPIPGYIVRNFHYLLIKDGCRVPAVVFTTLRGRQLCAPPDQPWVERIIQRLQRTSAKMKRRSS,1,77
QGVFEDCCLAYHYPIGWAVLRRAWTYRIQEVSGSCNLPAAIFYLPKRHRKVCGNPKSREVQRAMKLLDARNKVFAKLHHNTQTFQAGPHAVKKLSSGNSKLSSSKFSNPISSSKRNVSLLISANSGL,1,127
SDGGAQDCCLKYSQRKIPAKVVRSYRKQEPSLGCSIPAILFLPRKRSQAELCADPKELWVQQLMQHLDKTPSPQKPAQGCRKDRGASKTGKKGKGSKGCKRTERSQTPKGP,1,111
GPYGANMEDSVCCRDYVRYRLPLRVVKHFYWTSDSCPRPGVVLLTFRDKEICADPRVPWVKMILNKLSQ,1,69
SGKSFKAGVCPPKKSAQCLRYKKPECQSDWQCPGKKRCCPDTCGIKCLDPVDTPNPTRRKPGKCPVTYGQCLMLNPPNFCEMDGQCKRDLKCCMGMCGKSCVSPVKA,1,107
KVHGSLARAGKVRGQTPKVAKQEKKKKKTGRAKRRMQYNRRFVNVVPTFGKKKGPNANS,1,59
KPKDMTSSQWFKTQHVQPSPQACNSAMSIINKYTERCKDLNTFLHEPFSSVAITCQTPNIACKNSCKNCHQSHGPMSLTMGELTSGKYPNCRYKEKHLNTPYIVACDPPQQGDPGYPLVPVHLDKVV,1,127
RPPQFTRAQWFAIQHISLNPPRCTIAMRAINNYRWRCKNQNTFLRTTFANVVNVCGNQSIRCPHNRTLNNCHRSRFRVPLLHCDLINPGAQNISNCTYADRPGRRFYVVACDNRDPRDSPRYPVVPVHLDTTI,1,133
EAEEDGDLQCLCVKTTSQVRPRHITSLEVIKAGPHCPTAQLIATLKNGRKICLDLQAPLYKKIIKKLLES,1,70
DRCTKRYGRCKRDCLESEKQIDICSLPRKICCTEKLYEEDDMF,1,43
APAHRSSTFPKWVTKTERGRQPLRS,1,25
GPVSAVLTELRCTCLRVTLRVNPKTIGKLQVFPAGPQCSKVEVVASLKNGKQVCLDPEAPFLKKVIQKILDSGNKKN,1,77
MQQRGLAIVALAVCAALHASEAILPIASSCCTEVSHHISRRLLERVNMCRIQRADGDCDLAAVILHVKRRRICVSPHNHTVKQWMKVQAAKKNGKGNVCHRKKHHGKRNSNRAHQGKHETYGHKTPY,1,127
PPSTACCTQLYRKPLSDKLLRKVIQVELQEADGDCHLQAFVLHLAQRSICIHPQNP,1,56
ELTEAQRRGLQVALEEFHKHPPVQWAFQETSVESAVDTPFPAGIFVRLEFKLQQTSCRKRDWKKPECKVRPNGRKRKCLACIKLGSEDKVLGRLVHCPIETQVLREAEEHQETQCLRVQRAGEDPHSFYFPGQFAFS,1,137
KCNTATCATQRLANFLVHSSNNFGAILSSTNVGSNTY,1,37
PKRKAEGDAKGDKAKVKDEPQRRSARLSAKPAPPKPEPKPKKAPAKKGEKVPKGKKGKADAGKEGNNPAENGDAKTDQAQKAEGAGDAK,1,89
RAIGGGLSSVGGGSSTIKY,1,19
KVFERCELARTLKRLGMDGYRGISLANWMCLAKWESGYNTRATNYNAGDRSTDYGIFQINSRYWCNDGKTPGAVNACHLSCSALLQDNIADAVACAKRVVRDPQGIRAWVAWRNRCQNRDVRQYVQGCGV,1,130
KPPQFTWAQWFETQHINMTSQQCTNAMQVINNYQRRCKNQNTFLLTTFANVVNVCGNPNMTCPSNKTRKNCHHSGSQVPLIHCNLTTPSPQNISNCRYAQTPANMFYIVACDNRDQRRDPPQYPVVPVHLDRII,1,134
IQRTPKIQVYSRHPAENGKSNFLNCYVSGFHPSDIEVDLLKNGERIEKVEHSDLSFSKDWSFYLLYYTEFTPTEKDEYACRVNHVTLSQPKIVKWDRDM,1,99
AIFIFIRWLLKLGHHGRAPP,1,20
WPKRLTKAHWFEIQHIQPSPLQCNRAMSGINNYTQHCKHQNTFLHDSFQNVAAVCDLLSIVCKNRRHNCHQSSKPVNMTDCRLTSGKYPQCRYSAAAQYKFFIVACDPPQKSDPPYKLVPVHLDSIL,1,127
VVIPSPCCMFFVSKRIPENRVVSYQLSSRSTCLKAGVIFTTKKGQQSCGDPKQEWVQRYMKNLDAKQKKASPRARAVA,1,78
TRGSDISKTCCFQYSHKPLPWTWVRSYEFTSNSCSQRAVIFTTKRGKKVCTHPRKKWVQKYISLLKTPKQL,1,71
MFAMKTKAALAIWCPGYSETQINATQAMKKRRKRKVTTNKCLEQVSQLQGLWRRFNRPLLKQQ,1,63
SGEKKCWNRSGHCRKQCKDGEAVKDTCKNLRACCIPSNEDHRRVPATSPTPLSDSTPGIIDDILTVRFTTDYFEVSSKKDMVEESEAGRGTETSLPNVHHSS,1,102
NLVNFHRMIKLTTGKEAALSYGFYGCHCGVGGRGSPKDATDRCCVTHDCCYKRLEKRGCGTKFLSYKFSNSGSRITCAKQDSCRSQLCECDKAAATCFARNKTTYNKKYQYYSNKHCRGSTPRC,1,124
SSRASHFQSHSSERQRHGSSQVWKHGSYGPAEYDYGHTGYGPSGGSRKSISNSHLSWSTDSTANKQLSRH,1,70
TLNQARGSFDISCDKDNKRFALLGDFFRKSKEKIGKEFKRIVQRIKDFLRNLVPRTES,1,58
VTQPLAPVHNPISV,1,14
GLDFSQPFPSGEFAVCESCKLGRGKCRKECLENEKPDGNCRLNFLCCRQRI,1,51
FFDEKCNKLKGTCKNNCGKNEELIALCQKSLKCCRTIQPSGSIID,1,45
MDVFMKGLSKAKEGVVAAAEKTKQGVAEAAGKTKEGVLYVGSKTKEGVVHGVATVAEKTKEQVTNVGGAVVTGVTAVAQKTVEGAGSIAAATGFVKKDQLGKNEEGAPQEGILEDMPVDPDNEAYEMPSEEGYQDYEPEA,1,140
YSYFTVV,1,7
YSYYTIV,1,7
LLNQELLLNPTHQIYPV,1,17
VHISHREARGPSFRICVGFLGPRWARGCSTGN,1,32
GDVPPGIRNTICRMQQGICRLFFCHSGTGQQHRQRCG,1,37
GVIPGQKQCIALKGVCRDKLCSTLDDTIGICNEGKKCCRRWWILEPYPTPVPKGKSP,1,57
NWYVKKCLNDVGICKKKCKPEEMHVKNGWAMCGKQRDCCVPADRRANYPVFCVQTKTTRISTVTATTATTTLMMTTASMSSMAPTPVSPTG,1,91
GSGSRQSPSYGR,1,12
APQRRATCDLFSIFGVGDSACAAHCLVLGHRGGYCNSQSVCICRD,1,45
KQTKQMVDCSHYKKLPPGQQRFCHHMYDPICGSDGKTYKNDCFFCSKVKKTDGTLKFVHFGKC,1,63
ATCYCRTGR,1,9
ATCYCRTGRCATR,1,13
TGRCATRESLSGVCEISGRLYRLCCR,1,26
SSKTLCSMEEAINERIQEVAGSLIFRAISSIGLECQSVTSRGDLATCPRGFAVTGCTCGSACGSWDVRAETTCHCQCAGMDWTGARCCRVQP,1,92
MLVNFILRCGLLLVTLSLAIAKHKQSSFTKSCYPRGTLSQAVDALYIKAAWLKATIPEDRIKNIRLLKKKTKKQFMKNCQFQEQLLSFFMEDVFGQLQLQGCKKIRFVEDFHSLRQKLSHCISCASSAREMKSITRMKRIFYRIGNKGIYKAISELDILLSWIKKLLESSQ,1,171
RECRIGNGQCKNQCHENEIRIAYCIRPGTHCCLQQ,1,35
MSNTQAERSIIGMIDMFHKYTGRDGKIEKPSLLTMMKENFPNFLSACDKKGIHYLATVFEKKDKNEDKKIDFSEFLSLLGDIAADYHKQSHGAAPCSGGSQ,1,101
LGEAFDGARDMWRAYSDMREANYIGSDKYFHARGNYDAAKRGPGGAWAAEVISNARENIQRLTGHGAEDSLADQAANKWGRSGRDPNHFRPAGLPEKY,1,98
SRSFFSFLGEAFDGARDMWRAYSDMREANYIGSDKYFHARGNYDAAKRGPGGAWAAEVISNARENIQRLTGRGAEDSLADQAANKWGRSGRDPNHFRPAGLPEKY,1,105
ATKAVCVLKGDGPVQGIINF,1,20
VKAQEPVKGPVSTKPGSCPIILIRCA,1,26
KESRAKKFQRQHMDSDSSPSSSSTYCNQMMRRRNMTQGRCKPVNTFVHEPLVDVQNVCFQEKVTCKNGQGNCYKSNSSMHITDCRLTNGSRYPNCAYRTSPKERHIIVACEGSPYVPVHFDASVEDST,1,128
HSDGIFTDSYSRYRKQMAVKKYLAAVLGKRYKQRVKNK,1,38
KQMVDCSHYKKLPPGQQRFCHHMYDPICGSDGKTYKNDCFFCSKVKKTDGTLKFVHFGKC,1,60
ATCYCRTGRCATRESLSGVCEISGRLYR,1,28
YRLCCR,1,6
AVYLPNCDRKGFYKRKQCKPSR,1,22
AAHLPAEFTPAVHASLDKFLASVSTVLTSKYR,1,32
WPKRLTKAHWFEIQHIQPSPLQCNRAMSGINNYTQHCKHQNTFLHDSFQNVAAVCDLLSIVCKNRQHNCHQSSKPVNMTDCRLTSGKYPQCRYSAAAQYKFFIVACDPPQKSDPPYKLVPVHLDSIL,1,127
MALQRTHSLLLLLLLTLLGLGLVQPSYGQDGMYQRFLRQHVHPEETGGSDRYCNLMMQRRKMTLYHCKRFNTFIHEDIWNIRSICSTTNIQCKNGKMNCHEGVVKVTDCRDTGSSRAPNCRYRAIASTRRVVIACEGNPQVPVHFDG,1,147
KRRPAKAWSGRRTRLCCHRVPSPNSTNLKGHHVRLCKPCKLEPEPRLWVVPGALPQV,1,57
DDKPDKPDDKPDDSGKDPKPDFPKFLSLLGTEIIENAVEFILRSMSRSTGFMEFDDNEGKHSSK,1,64
TKLEEHLEGIVNIFHQYSVRKGHFDTLSKGELKQLLTKELANTIKNIKDKAVIDEIFQGLDANQDEQVDFQEFISLVAIALKAAHYHTHKE,1,91
KRHILRCMGNSGICRASCKKNEQPYLYCRNCQSCCLQSYMRISISGKEENTDWSYEKQWPRLP,1,63
